month,day_of_week,location,hour_of_day,visits,drop_ins,members
Jan,Sunday,Vancouver,6H,41,17,24
Jan,Sunday,Vancouver,7H,25,11,14
Jan,Sunday,Vancouver,8H,29,7,22
Jan,Sunday,Vancouver,9H,40,12,28
Jan,Sunday,Vancouver,10H,24,6,18
Jan,Sunday,Vancouver,11H,32,14,18
Jan,Sunday,Vancouver,12H,55,15,40
Jan,Sunday,Vancouver,13H,74,19,55
Jan,Sunday,Vancouver,14H,96,43,53
Jan,Sunday,Vancouver,15H,70,24,46
Jan,Sunday,Vancouver,16H,86,36,50
Jan,Sunday,Vancouver,17H,86,29,57
Jan,Sunday,Vancouver,18H,85,30,55
Jan,Sunday,Vancouver,19H,78,30,48
Jan,Sunday,Vancouver,20H,78,19,59
Jan,Sunday,Vancouver,21H,91,29,62
Jan,Sunday,Vancouver,22H,98,42,56
Jan,Sunday,Victoria,6H,30,6,24
Jan,Sunday,Victoria,7H,35,8,27
Jan,Sunday,Victoria,8H,32,8,24
Jan,Sunday,Victoria,9H,42,16,26
Jan,Sunday,Victoria,10H,32,7,25
Jan,Sunday,Victoria,11H,17,4,13
Jan,Sunday,Victoria,12H,41,16,25
Jan,Sunday,Victoria,13H,79,36,43
Jan,Sunday,Victoria,14H,82,18,64
Jan,Sunday,Victoria,15H,83,39,44
Jan,Sunday,Victoria,16H,76,27,49
Jan,Sunday,Victoria,17H,90,18,72
Jan,Sunday,Victoria,18H,90,44,46
Jan,Sunday,Victoria,19H,79,22,57
Jan,Sunday,Victoria,20H,84,32,52
Jan,Sunday,Victoria,21H,93,21,72
Jan,Sunday,Victoria,22H,89,34,55
Jan,Monday,Vancouver,6H,49,17,32
Jan,Monday,Vancouver,7H,17,5,12
Jan,Monday,Vancouver,8H,57,25,32
Jan,Monday,Vancouver,9H,49,13,36
Jan,Monday,Vancouver,10H,22,11,11
Jan,Monday,Vancouver,11H,49,15,34
Jan,Monday,Vancouver,12H,36,7,29
Jan,Monday,Vancouver,13H,81,40,41
Jan,Monday,Vancouver,14H,81,20,61
Jan,Monday,Vancouver,15H,85,19,66
Jan,Monday,Vancouver,16H,78,23,55
Jan,Monday,Vancouver,17H,70,21,49
Jan,Monday,Vancouver,18H,83,26,57
Jan,Monday,Vancouver,19H,86,19,67
Jan,Monday,Vancouver,20H,86,31,55
Jan,Monday,Vancouver,21H,86,20,66
Jan,Monday,Vancouver,22H,74,29,45
Jan,Monday,Victoria,6H,44,13,31
Jan,Monday,Victoria,7H,45,16,29
Jan,Monday,Victoria,8H,39,15,24
Jan,Monday,Victoria,9H,38,13,25
Jan,Monday,Victoria,10H,31,9,22
Jan,Monday,Victoria,11H,48,11,37
Jan,Monday,Victoria,12H,47,14,33
Jan,Monday,Victoria,13H,73,33,40
Jan,Monday,Victoria,14H,79,28,51
Jan,Monday,Victoria,15H,97,35,62
Jan,Monday,Victoria,16H,82,25,57
Jan,Monday,Victoria,17H,69,27,42
Jan,Monday,Victoria,18H,78,16,62
Jan,Monday,Victoria,19H,85,31,54
Jan,Monday,Victoria,20H,73,16,57
Jan,Monday,Victoria,21H,86,34,52
Jan,Monday,Victoria,22H,95,22,73
Jan,Tuesday,Vancouver,6H,51,20,31
Jan,Tuesday,Vancouver,7H,44,15,29
Jan,Tuesday,Vancouver,8H,41,12,29
Jan,Tuesday,Vancouver,9H,29,14,15
Jan,Tuesday,Vancouver,10H,44,16,28
Jan,Tuesday,Vancouver,11H,36,12,24
Jan,Tuesday,Vancouver,12H,41,9,32
Jan,Tuesday,Vancouver,13H,80,17,63
Jan,Tuesday,Vancouver,14H,85,20,65
Jan,Tuesday,Vancouver,15H,96,28,68
Jan,Tuesday,Vancouver,16H,76,20,56
Jan,Tuesday,Vancouver,17H,67,17,50
Jan,Tuesday,Vancouver,18H,85,28,57
Jan,Tuesday,Vancouver,19H,89,27,62
Jan,Tuesday,Vancouver,20H,82,18,64
Jan,Tuesday,Vancouver,21H,96,33,63
Jan,Tuesday,Vancouver,22H,87,19,68
Jan,Tuesday,Victoria,6H,25,8,17
Jan,Tuesday,Victoria,7H,43,16,27
Jan,Tuesday,Victoria,8H,46,15,31
Jan,Tuesday,Victoria,9H,24,12,12
Jan,Tuesday,Victoria,10H,21,6,15
Jan,Tuesday,Victoria,11H,27,7,20
Jan,Tuesday,Victoria,12H,33,8,25
Jan,Tuesday,Victoria,13H,70,30,40
Jan,Tuesday,Victoria,14H,77,37,40
Jan,Tuesday,Victoria,15H,76,15,61
Jan,Tuesday,Victoria,16H,97,22,75
Jan,Tuesday,Victoria,17H,83,25,58
Jan,Tuesday,Victoria,18H,102,32,70
Jan,Tuesday,Victoria,19H,77,16,61
Jan,Tuesday,Victoria,20H,94,36,58
Jan,Tuesday,Victoria,21H,70,17,53
Jan,Tuesday,Victoria,22H,86,20,66
Jan,Wednesday,Vancouver,6H,38,11,27
Jan,Wednesday,Vancouver,7H,39,17,22
Jan,Wednesday,Vancouver,8H,32,6,26
Jan,Wednesday,Vancouver,9H,55,13,42
Jan,Wednesday,Vancouver,10H,41,9,32
Jan,Wednesday,Vancouver,11H,25,7,18
Jan,Wednesday,Vancouver,12H,47,19,28
Jan,Wednesday,Vancouver,13H,89,21,68
Jan,Wednesday,Vancouver,14H,92,35,57
Jan,Wednesday,Vancouver,15H,69,30,39
Jan,Wednesday,Vancouver,16H,76,18,58
Jan,Wednesday,Vancouver,17H,105,46,59
Jan,Wednesday,Vancouver,18H,95,22,73
Jan,Wednesday,Vancouver,19H,79,20,59
Jan,Wednesday,Vancouver,20H,96,28,68
Jan,Wednesday,Vancouver,21H,92,36,56
Jan,Wednesday,Vancouver,22H,90,19,71
Jan,Wednesday,Victoria,6H,54,13,41
Jan,Wednesday,Victoria,7H,35,17,18
Jan,Wednesday,Victoria,8H,49,13,36
Jan,Wednesday,Victoria,9H,56,16,40
Jan,Wednesday,Victoria,10H,38,9,29
Jan,Wednesday,Victoria,11H,31,8,23
Jan,Wednesday,Victoria,12H,46,18,28
Jan,Wednesday,Victoria,13H,66,27,39
Jan,Wednesday,Victoria,14H,90,22,68
Jan,Wednesday,Victoria,15H,74,26,48
Jan,Wednesday,Victoria,16H,91,20,71
Jan,Wednesday,Victoria,17H,89,21,68
Jan,Wednesday,Victoria,18H,73,16,57
Jan,Wednesday,Victoria,19H,76,23,53
Jan,Wednesday,Victoria,20H,90,20,70
Jan,Wednesday,Victoria,21H,87,29,58
Jan,Wednesday,Victoria,22H,96,27,69
Jan,Thursday,Vancouver,6H,32,7,25
Jan,Thursday,Vancouver,7H,41,12,29
Jan,Thursday,Vancouver,8H,24,11,13
Jan,Thursday,Vancouver,9H,34,8,26
Jan,Thursday,Vancouver,10H,44,12,32
Jan,Thursday,Vancouver,11H,38,13,25
Jan,Thursday,Vancouver,12H,42,15,27
Jan,Thursday,Vancouver,13H,69,25,44
Jan,Thursday,Vancouver,14H,112,42,70
Jan,Thursday,Vancouver,15H,73,33,40
Jan,Thursday,Vancouver,16H,97,29,68
Jan,Thursday,Vancouver,17H,88,29,59
Jan,Thursday,Vancouver,18H,93,19,74
Jan,Thursday,Vancouver,19H,102,38,64
Jan,Thursday,Vancouver,20H,75,31,44
Jan,Thursday,Vancouver,21H,90,19,71
Jan,Thursday,Vancouver,22H,85,18,67
Jan,Thursday,Victoria,6H,45,15,30
Jan,Thursday,Victoria,7H,46,10,36
Jan,Thursday,Victoria,8H,44,9,35
Jan,Thursday,Victoria,9H,30,11,19
Jan,Thursday,Victoria,10H,44,19,25
Jan,Thursday,Victoria,11H,43,10,33
Jan,Thursday,Victoria,12H,27,8,19
Jan,Thursday,Victoria,13H,93,26,67
Jan,Thursday,Victoria,14H,80,27,53
Jan,Thursday,Victoria,15H,77,31,46
Jan,Thursday,Victoria,16H,86,19,67
Jan,Thursday,Victoria,17H,96,35,61
Jan,Thursday,Victoria,18H,70,22,48
Jan,Thursday,Victoria,19H,81,35,46
Jan,Thursday,Victoria,20H,84,36,48
Jan,Thursday,Victoria,21H,87,41,46
Jan,Thursday,Victoria,22H,91,41,50
Jan,Friday,Vancouver,6H,52,13,39
Jan,Friday,Vancouver,7H,39,12,27
Jan,Friday,Vancouver,8H,63,13,50
Jan,Friday,Vancouver,9H,32,14,18
Jan,Friday,Vancouver,10H,41,9,32
Jan,Friday,Vancouver,11H,47,12,35
Jan,Friday,Vancouver,12H,42,10,32
Jan,Friday,Vancouver,13H,75,23,52
Jan,Friday,Vancouver,14H,87,26,61
Jan,Friday,Vancouver,15H,105,21,84
Jan,Friday,Vancouver,16H,104,37,67
Jan,Friday,Vancouver,17H,88,28,60
Jan,Friday,Vancouver,18H,91,36,55
Jan,Friday,Vancouver,19H,98,30,68
Jan,Friday,Vancouver,20H,97,27,70
Jan,Friday,Vancouver,21H,93,19,74
Jan,Friday,Vancouver,22H,104,37,67
Jan,Friday,Victoria,6H,30,10,20
Jan,Friday,Victoria,7H,46,13,33
Jan,Friday,Victoria,8H,29,6,23
Jan,Friday,Victoria,9H,31,7,24
Jan,Friday,Victoria,10H,44,10,34
Jan,Friday,Victoria,11H,55,17,38
Jan,Friday,Victoria,12H,28,12,16
Jan,Friday,Victoria,13H,79,17,62
Jan,Friday,Victoria,14H,84,20,64
Jan,Friday,Victoria,15H,90,36,54
Jan,Friday,Victoria,16H,95,33,62
Jan,Friday,Victoria,17H,87,18,69
Jan,Friday,Victoria,18H,73,17,56
Jan,Friday,Victoria,19H,93,19,74
Jan,Friday,Victoria,20H,85,23,62
Jan,Friday,Victoria,21H,79,36,43
Jan,Friday,Victoria,22H,93,20,73
Jan,Saturday,Vancouver,6H,32,12,20
Jan,Saturday,Vancouver,7H,39,9,30
Jan,Saturday,Vancouver,8H,38,19,19
Jan,Saturday,Vancouver,9H,33,8,25
Jan,Saturday,Vancouver,10H,36,10,26
Jan,Saturday,Vancouver,11H,19,6,13
Jan,Saturday,Vancouver,12H,50,16,34
Jan,Saturday,Vancouver,13H,102,30,72
Jan,Saturday,Vancouver,14H,97,33,64
Jan,Saturday,Vancouver,15H,94,42,52
Jan,Saturday,Vancouver,16H,73,34,39
Jan,Saturday,Vancouver,17H,99,23,76
Jan,Saturday,Vancouver,18H,88,44,44
Jan,Saturday,Vancouver,19H,63,17,46
Jan,Saturday,Vancouver,20H,91,37,54
Jan,Saturday,Vancouver,21H,95,21,74
Jan,Saturday,Vancouver,22H,81,25,56
Jan,Saturday,Victoria,6H,30,8,22
Jan,Saturday,Victoria,7H,42,16,26
Jan,Saturday,Victoria,8H,36,15,21
Jan,Saturday,Victoria,9H,46,10,36
Jan,Saturday,Victoria,10H,39,17,22
Jan,Saturday,Victoria,11H,31,7,24
Jan,Saturday,Victoria,12H,36,9,27
Jan,Saturday,Victoria,13H,87,29,58
Jan,Saturday,Victoria,14H,70,23,47
Jan,Saturday,Victoria,15H,90,24,66
Jan,Saturday,Victoria,16H,90,21,69
Jan,Saturday,Victoria,17H,92,19,73
Jan,Saturday,Victoria,18H,81,17,64
Jan,Saturday,Victoria,19H,88,19,69
Jan,Saturday,Victoria,20H,103,23,80
Jan,Saturday,Victoria,21H,57,19,38
Jan,Saturday,Victoria,22H,79,18,61
Feb,Sunday,Vancouver,6H,36,7,29
Feb,Sunday,Vancouver,7H,52,12,40
Feb,Sunday,Vancouver,8H,40,11,29
Feb,Sunday,Vancouver,9H,31,7,24
Feb,Sunday,Vancouver,10H,41,12,29
Feb,Sunday,Vancouver,11H,44,10,34
Feb,Sunday,Vancouver,12H,53,20,33
Feb,Sunday,Vancouver,13H,92,20,72
Feb,Sunday,Vancouver,14H,83,39,44
Feb,Sunday,Vancouver,15H,89,40,49
Feb,Sunday,Vancouver,16H,102,35,67
Feb,Sunday,Vancouver,17H,66,22,44
Feb,Sunday,Vancouver,18H,86,26,60
Feb,Sunday,Vancouver,19H,86,28,58
Feb,Sunday,Vancouver,20H,82,25,57
Feb,Sunday,Vancouver,21H,67,19,48
Feb,Sunday,Vancouver,22H,93,26,67
Feb,Sunday,Victoria,6H,43,14,29
Feb,Sunday,Victoria,7H,57,17,40
Feb,Sunday,Victoria,8H,40,10,30
Feb,Sunday,Victoria,9H,27,8,19
Feb,Sunday,Victoria,10H,51,10,41
Feb,Sunday,Victoria,11H,38,11,27
Feb,Sunday,Victoria,12H,50,12,38
Feb,Sunday,Victoria,13H,99,35,64
Feb,Sunday,Victoria,14H,90,19,71
Feb,Sunday,Victoria,15H,82,33,49
Feb,Sunday,Victoria,16H,67,15,52
Feb,Sunday,Victoria,17H,79,25,54
Feb,Sunday,Victoria,18H,83,34,49
Feb,Sunday,Victoria,19H,73,19,54
Feb,Sunday,Victoria,20H,89,18,71
Feb,Sunday,Victoria,21H,85,18,67
Feb,Sunday,Victoria,22H,57,13,44
Feb,Monday,Vancouver,6H,49,12,37
Feb,Monday,Vancouver,7H,26,6,20
Feb,Monday,Vancouver,8H,28,8,20
Feb,Monday,Vancouver,9H,32,7,25
Feb,Monday,Vancouver,10H,45,10,35
Feb,Monday,Vancouver,11H,38,12,26
Feb,Monday,Vancouver,12H,40,17,23
Feb,Monday,Vancouver,13H,98,30,68
Feb,Monday,Vancouver,14H,60,14,46
Feb,Monday,Vancouver,15H,92,21,71
Feb,Monday,Vancouver,16H,81,30,51
Feb,Monday,Vancouver,17H,100,23,77
Feb,Monday,Vancouver,18H,85,30,55
Feb,Monday,Vancouver,19H,74,24,50
Feb,Monday,Vancouver,20H,93,37,56
Feb,Monday,Vancouver,21H,78,17,61
Feb,Monday,Vancouver,22H,99,24,75
Feb,Monday,Victoria,6H,46,11,35
Feb,Monday,Victoria,7H,37,9,28
Feb,Monday,Victoria,8H,44,10,34
Feb,Monday,Victoria,9H,28,8,20
Feb,Monday,Victoria,10H,35,10,25
Feb,Monday,Victoria,11H,32,8,24
Feb,Monday,Victoria,12H,32,7,25
Feb,Monday,Victoria,13H,73,23,50
Feb,Monday,Victoria,14H,71,19,52
Feb,Monday,Victoria,15H,83,18,65
Feb,Monday,Victoria,16H,77,25,52
Feb,Monday,Victoria,17H,103,21,82
Feb,Monday,Victoria,18H,87,22,65
Feb,Monday,Victoria,19H,80,16,64
Feb,Monday,Victoria,20H,74,34,40
Feb,Monday,Victoria,21H,87,38,49
Feb,Monday,Victoria,22H,88,21,67
Feb,Tuesday,Vancouver,6H,39,18,21
Feb,Tuesday,Vancouver,7H,36,10,26
Feb,Tuesday,Vancouver,8H,40,13,27
Feb,Tuesday,Vancouver,9H,35,15,20
Feb,Tuesday,Vancouver,10H,27,7,20
Feb,Tuesday,Vancouver,11H,36,9,27
Feb,Tuesday,Vancouver,12H,45,15,30
Feb,Tuesday,Vancouver,13H,100,21,79
Feb,Tuesday,Vancouver,14H,80,17,63
Feb,Tuesday,Vancouver,15H,78,32,46
Feb,Tuesday,Vancouver,16H,91,20,71
Feb,Tuesday,Vancouver,17H,86,23,63
Feb,Tuesday,Vancouver,18H,86,26,60
Feb,Tuesday,Vancouver,19H,75,16,59
Feb,Tuesday,Vancouver,20H,98,22,76
Feb,Tuesday,Vancouver,21H,78,31,47
Feb,Tuesday,Vancouver,22H,85,37,48
Feb,Tuesday,Victoria,6H,24,8,16
Feb,Tuesday,Victoria,7H,40,9,31
Feb,Tuesday,Victoria,8H,54,25,29
Feb,Tuesday,Victoria,9H,26,7,19
Feb,Tuesday,Victoria,10H,48,15,33
Feb,Tuesday,Victoria,11H,32,10,22
Feb,Tuesday,Victoria,12H,39,12,27
Feb,Tuesday,Victoria,13H,78,21,57
Feb,Tuesday,Victoria,14H,83,17,66
Feb,Tuesday,Victoria,15H,83,27,56
Feb,Tuesday,Victoria,16H,94,27,67
Feb,Tuesday,Victoria,17H,79,16,63
Feb,Tuesday,Victoria,18H,71,16,55
Feb,Tuesday,Victoria,19H,77,31,46
Feb,Tuesday,Victoria,20H,81,21,60
Feb,Tuesday,Victoria,21H,92,24,68
Feb,Tuesday,Victoria,22H,101,28,73
Feb,Wednesday,Vancouver,6H,53,17,36
Feb,Wednesday,Vancouver,7H,41,13,28
Feb,Wednesday,Vancouver,8H,47,14,33
Feb,Wednesday,Vancouver,9H,41,14,27
Feb,Wednesday,Vancouver,10H,50,11,39
Feb,Wednesday,Vancouver,11H,37,12,25
Feb,Wednesday,Vancouver,12H,47,14,33
Feb,Wednesday,Vancouver,13H,85,27,58
Feb,Wednesday,Vancouver,14H,81,19,62
Feb,Wednesday,Vancouver,15H,84,34,50
Feb,Wednesday,Vancouver,16H,81,23,58
Feb,Wednesday,Vancouver,17H,93,39,54
Feb,Wednesday,Vancouver,18H,84,17,67
Feb,Wednesday,Vancouver,19H,71,25,46
Feb,Wednesday,Vancouver,20H,97,22,75
Feb,Wednesday,Vancouver,21H,105,28,77
Feb,Wednesday,Vancouver,22H,87,26,61
Feb,Wednesday,Victoria,6H,46,14,32
Feb,Wednesday,Victoria,7H,45,13,32
Feb,Wednesday,Victoria,8H,38,10,28
Feb,Wednesday,Victoria,9H,50,12,38
Feb,Wednesday,Victoria,10H,48,17,31
Feb,Wednesday,Victoria,11H,32,8,24
Feb,Wednesday,Victoria,12H,42,8,34
Feb,Wednesday,Victoria,13H,81,35,46
Feb,Wednesday,Victoria,14H,94,33,61
Feb,Wednesday,Victoria,15H,87,19,68
Feb,Wednesday,Victoria,16H,79,34,45
Feb,Wednesday,Victoria,17H,73,36,37
Feb,Wednesday,Victoria,18H,80,23,57
Feb,Wednesday,Victoria,19H,81,26,55
Feb,Wednesday,Victoria,20H,70,25,45
Feb,Wednesday,Victoria,21H,115,25,90
Feb,Wednesday,Victoria,22H,93,41,52
Feb,Thursday,Vancouver,6H,54,19,35
Feb,Thursday,Vancouver,7H,42,9,33
Feb,Thursday,Vancouver,8H,49,10,39
Feb,Thursday,Vancouver,9H,37,15,22
Feb,Thursday,Vancouver,10H,37,12,25
Feb,Thursday,Vancouver,11H,31,8,23
Feb,Thursday,Vancouver,12H,40,11,29
Feb,Thursday,Vancouver,13H,68,15,53
Feb,Thursday,Vancouver,14H,94,22,72
Feb,Thursday,Vancouver,15H,78,21,57
Feb,Thursday,Vancouver,16H,90,27,63
Feb,Thursday,Vancouver,17H,97,36,61
Feb,Thursday,Vancouver,18H,94,30,64
Feb,Thursday,Vancouver,19H,73,26,47
Feb,Thursday,Vancouver,20H,85,32,53
Feb,Thursday,Vancouver,21H,81,25,56
Feb,Thursday,Vancouver,22H,105,35,70
Feb,Thursday,Victoria,6H,42,9,33
Feb,Thursday,Victoria,7H,29,6,23
Feb,Thursday,Victoria,8H,44,10,34
Feb,Thursday,Victoria,9H,44,11,33
Feb,Thursday,Victoria,10H,35,12,23
Feb,Thursday,Victoria,11H,35,9,26
Feb,Thursday,Victoria,12H,26,9,17
Feb,Thursday,Victoria,13H,97,20,77
Feb,Thursday,Victoria,14H,90,22,68
Feb,Thursday,Victoria,15H,85,21,64
Feb,Thursday,Victoria,16H,88,25,63
Feb,Thursday,Victoria,17H,80,21,59
Feb,Thursday,Victoria,18H,82,17,65
Feb,Thursday,Victoria,19H,88,20,68
Feb,Thursday,Victoria,20H,80,16,64
Feb,Thursday,Victoria,21H,88,26,62
Feb,Thursday,Victoria,22H,82,17,65
Feb,Friday,Vancouver,6H,40,19,21
Feb,Friday,Vancouver,7H,27,12,15
Feb,Friday,Vancouver,8H,37,10,27
Feb,Friday,Vancouver,9H,47,18,29
Feb,Friday,Vancouver,10H,20,5,15
Feb,Friday,Vancouver,11H,28,9,19
Feb,Friday,Vancouver,12H,41,16,25
Feb,Friday,Vancouver,13H,92,20,72
Feb,Friday,Vancouver,14H,89,25,64
Feb,Friday,Vancouver,15H,101,20,81
Feb,Friday,Vancouver,16H,88,26,62
Feb,Friday,Vancouver,17H,91,26,65
Feb,Friday,Vancouver,18H,76,18,58
Feb,Friday,Vancouver,19H,68,19,49
Feb,Friday,Vancouver,20H,88,20,68
Feb,Friday,Vancouver,21H,90,32,58
Feb,Friday,Vancouver,22H,82,29,53
Feb,Friday,Victoria,6H,40,10,30
Feb,Friday,Victoria,7H,52,21,31
Feb,Friday,Victoria,8H,53,16,37
Feb,Friday,Victoria,9H,47,9,38
Feb,Friday,Victoria,10H,51,16,35
Feb,Friday,Victoria,11H,33,8,25
Feb,Friday,Victoria,12H,35,17,18
Feb,Friday,Victoria,13H,87,18,69
Feb,Friday,Victoria,14H,79,22,57
Feb,Friday,Victoria,15H,73,36,37
Feb,Friday,Victoria,16H,90,23,67
Feb,Friday,Victoria,17H,64,15,49
Feb,Friday,Victoria,18H,84,30,54
Feb,Friday,Victoria,19H,86,23,63
Feb,Friday,Victoria,20H,95,28,67
Feb,Friday,Victoria,21H,86,20,66
Feb,Friday,Victoria,22H,97,28,69
Feb,Saturday,Vancouver,6H,45,10,35
Feb,Saturday,Vancouver,7H,27,8,19
Feb,Saturday,Vancouver,8H,31,7,24
Feb,Saturday,Vancouver,9H,41,17,24
Feb,Saturday,Vancouver,10H,49,15,34
Feb,Saturday,Vancouver,11H,37,7,30
Feb,Saturday,Vancouver,12H,53,25,28
Feb,Saturday,Vancouver,13H,87,36,51
Feb,Saturday,Vancouver,14H,84,17,67
Feb,Saturday,Vancouver,15H,91,34,57
Feb,Saturday,Vancouver,16H,87,26,61
Feb,Saturday,Vancouver,17H,76,28,48
Feb,Saturday,Vancouver,18H,88,18,70
Feb,Saturday,Vancouver,19H,86,18,68
Feb,Saturday,Vancouver,20H,67,20,47
Feb,Saturday,Vancouver,21H,73,24,49
Feb,Saturday,Vancouver,22H,84,25,59
Feb,Saturday,Victoria,6H,42,11,31
Feb,Saturday,Victoria,7H,45,10,35
Feb,Saturday,Victoria,8H,23,6,17
Feb,Saturday,Victoria,9H,39,12,27
Feb,Saturday,Victoria,10H,42,21,21
Feb,Saturday,Victoria,11H,57,25,32
Feb,Saturday,Victoria,12H,29,6,23
Feb,Saturday,Victoria,13H,107,26,81
Feb,Saturday,Victoria,14H,79,16,63
Feb,Saturday,Victoria,15H,101,31,70
Feb,Saturday,Victoria,16H,86,21,65
Feb,Saturday,Victoria,17H,81,23,58
Feb,Saturday,Victoria,18H,96,22,74
Feb,Saturday,Victoria,19H,77,21,56
Feb,Saturday,Victoria,20H,93,26,67
Feb,Saturday,Victoria,21H,74,20,54
Feb,Saturday,Victoria,22H,66,20,46
Mar,Sunday,Vancouver,6H,43,14,29
Mar,Sunday,Vancouver,7H,39,9,30
Mar,Sunday,Vancouver,8H,37,10,27
Mar,Sunday,Vancouver,9H,51,22,29
Mar,Sunday,Vancouver,10H,50,12,38
Mar,Sunday,Vancouver,11H,36,9,27
Mar,Sunday,Vancouver,12H,48,11,37
Mar,Sunday,Vancouver,13H,80,21,59
Mar,Sunday,Vancouver,14H,73,22,51
Mar,Sunday,Vancouver,15H,81,21,60
Mar,Sunday,Vancouver,16H,96,26,70
Mar,Sunday,Vancouver,17H,103,46,57
Mar,Sunday,Vancouver,18H,87,25,62
Mar,Sunday,Vancouver,19H,94,43,51
Mar,Sunday,Vancouver,20H,97,31,66
Mar,Sunday,Vancouver,21H,80,17,63
Mar,Sunday,Vancouver,22H,83,24,59
Mar,Sunday,Victoria,6H,42,10,32
Mar,Sunday,Victoria,7H,43,10,33
Mar,Sunday,Victoria,8H,38,10,28
Mar,Sunday,Victoria,9H,42,20,22
Mar,Sunday,Victoria,10H,34,15,19
Mar,Sunday,Victoria,11H,36,8,28
Mar,Sunday,Victoria,12H,40,19,21
Mar,Sunday,Victoria,13H,96,20,76
Mar,Sunday,Victoria,14H,100,34,66
Mar,Sunday,Victoria,15H,65,16,49
Mar,Sunday,Victoria,16H,92,20,72
Mar,Sunday,Victoria,17H,76,16,60
Mar,Sunday,Victoria,18H,75,20,55
Mar,Sunday,Victoria,19H,91,21,70
Mar,Sunday,Victoria,20H,102,44,58
Mar,Sunday,Victoria,21H,82,37,45
Mar,Sunday,Victoria,22H,93,20,73
Mar,Monday,Vancouver,6H,36,12,24
Mar,Monday,Vancouver,7H,31,8,23
Mar,Monday,Vancouver,8H,38,13,25
Mar,Monday,Vancouver,9H,29,8,21
Mar,Monday,Vancouver,10H,49,11,38
Mar,Monday,Vancouver,11H,45,11,34
Mar,Monday,Vancouver,12H,36,11,25
Mar,Monday,Vancouver,13H,80,30,50
Mar,Monday,Vancouver,14H,73,16,57
Mar,Monday,Vancouver,15H,77,21,56
Mar,Monday,Vancouver,16H,93,23,70
Mar,Monday,Vancouver,17H,99,20,79
Mar,Monday,Vancouver,18H,87,21,66
Mar,Monday,Vancouver,19H,98,21,77
Mar,Monday,Vancouver,20H,77,24,53
Mar,Monday,Vancouver,21H,79,33,46
Mar,Monday,Vancouver,22H,84,22,62
Mar,Monday,Victoria,6H,40,19,21
Mar,Monday,Victoria,7H,32,12,20
Mar,Monday,Victoria,8H,41,20,21
Mar,Monday,Victoria,9H,41,12,29
Mar,Monday,Victoria,10H,32,9,23
Mar,Monday,Victoria,11H,30,14,16
Mar,Monday,Victoria,12H,21,7,14
Mar,Monday,Victoria,13H,88,27,61
Mar,Monday,Victoria,14H,85,19,66
Mar,Monday,Victoria,15H,91,18,73
Mar,Monday,Victoria,16H,92,41,51
Mar,Monday,Victoria,17H,85,20,65
Mar,Monday,Victoria,18H,91,22,69
Mar,Monday,Victoria,19H,84,24,60
Mar,Monday,Victoria,20H,102,29,73
Mar,Monday,Victoria,21H,86,37,49
Mar,Monday,Victoria,22H,96,21,75
Mar,Tuesday,Vancouver,6H,43,13,30
Mar,Tuesday,Vancouver,7H,47,19,28
Mar,Tuesday,Vancouver,8H,42,18,24
Mar,Tuesday,Vancouver,9H,37,9,28
Mar,Tuesday,Vancouver,10H,41,16,25
Mar,Tuesday,Vancouver,11H,39,9,30
Mar,Tuesday,Vancouver,12H,45,17,28
Mar,Tuesday,Vancouver,13H,69,30,39
Mar,Tuesday,Vancouver,14H,83,24,59
Mar,Tuesday,Vancouver,15H,89,18,71
Mar,Tuesday,Vancouver,16H,75,20,55
Mar,Tuesday,Vancouver,17H,92,20,72
Mar,Tuesday,Vancouver,18H,86,19,67
Mar,Tuesday,Vancouver,19H,80,23,57
Mar,Tuesday,Vancouver,20H,70,20,50
Mar,Tuesday,Vancouver,21H,68,17,51
Mar,Tuesday,Vancouver,22H,76,18,58
Mar,Tuesday,Victoria,6H,31,7,24
Mar,Tuesday,Victoria,7H,41,9,32
Mar,Tuesday,Victoria,8H,34,8,26
Mar,Tuesday,Victoria,9H,46,12,34
Mar,Tuesday,Victoria,10H,58,12,46
Mar,Tuesday,Victoria,11H,52,17,35
Mar,Tuesday,Victoria,12H,41,10,31
Mar,Tuesday,Victoria,13H,79,24,55
Mar,Tuesday,Victoria,14H,87,28,59
Mar,Tuesday,Victoria,15H,82,27,55
Mar,Tuesday,Victoria,16H,70,27,43
Mar,Tuesday,Victoria,17H,86,31,55
Mar,Tuesday,Victoria,18H,85,21,64
Mar,Tuesday,Victoria,19H,78,28,50
Mar,Tuesday,Victoria,20H,89,23,66
Mar,Tuesday,Victoria,21H,102,37,65
Mar,Tuesday,Victoria,22H,75,20,55
Mar,Wednesday,Vancouver,6H,38,10,28
Mar,Wednesday,Vancouver,7H,39,15,24
Mar,Wednesday,Vancouver,8H,35,17,18
Mar,Wednesday,Vancouver,9H,49,11,38
Mar,Wednesday,Vancouver,10H,33,8,25
Mar,Wednesday,Vancouver,11H,52,22,30
Mar,Wednesday,Vancouver,12H,37,8,29
Mar,Wednesday,Vancouver,13H,63,30,33
Mar,Wednesday,Vancouver,14H,87,33,54
Mar,Wednesday,Vancouver,15H,72,23,49
Mar,Wednesday,Vancouver,16H,88,22,66
Mar,Wednesday,Vancouver,17H,87,20,67
Mar,Wednesday,Vancouver,18H,78,26,52
Mar,Wednesday,Vancouver,19H,87,25,62
Mar,Wednesday,Vancouver,20H,94,29,65
Mar,Wednesday,Vancouver,21H,108,37,71
Mar,Wednesday,Vancouver,22H,67,18,49
Mar,Wednesday,Victoria,6H,47,10,37
Mar,Wednesday,Victoria,7H,34,8,26
Mar,Wednesday,Victoria,8H,24,10,14
Mar,Wednesday,Victoria,9H,46,16,30
Mar,Wednesday,Victoria,10H,52,21,31
Mar,Wednesday,Victoria,11H,42,11,31
Mar,Wednesday,Victoria,12H,53,22,31
Mar,Wednesday,Victoria,13H,88,20,68
Mar,Wednesday,Victoria,14H,108,25,83
Mar,Wednesday,Victoria,15H,86,23,63
Mar,Wednesday,Victoria,16H,88,21,67
Mar,Wednesday,Victoria,17H,92,37,55
Mar,Wednesday,Victoria,18H,80,25,55
Mar,Wednesday,Victoria,19H,95,27,68
Mar,Wednesday,Victoria,20H,81,22,59
Mar,Wednesday,Victoria,21H,77,27,50
Mar,Wednesday,Victoria,22H,74,19,55
Mar,Thursday,Vancouver,6H,49,16,33
Mar,Thursday,Vancouver,7H,37,8,29
Mar,Thursday,Vancouver,8H,22,5,17
Mar,Thursday,Vancouver,9H,44,14,30
Mar,Thursday,Vancouver,10H,55,13,42
Mar,Thursday,Vancouver,11H,33,10,23
Mar,Thursday,Vancouver,12H,33,7,26
Mar,Thursday,Vancouver,13H,68,15,53
Mar,Thursday,Vancouver,14H,72,28,44
Mar,Thursday,Vancouver,15H,83,23,60
Mar,Thursday,Vancouver,16H,84,19,65
Mar,Thursday,Vancouver,17H,92,26,66
Mar,Thursday,Vancouver,18H,69,25,44
Mar,Thursday,Vancouver,19H,89,20,69
Mar,Thursday,Vancouver,20H,60,20,40
Mar,Thursday,Vancouver,21H,90,36,54
Mar,Thursday,Vancouver,22H,82,26,56
Mar,Thursday,Victoria,6H,49,10,39
Mar,Thursday,Victoria,7H,43,11,32
Mar,Thursday,Victoria,8H,35,7,28
Mar,Thursday,Victoria,9H,56,12,44
Mar,Thursday,Victoria,10H,40,12,28
Mar,Thursday,Victoria,11H,43,12,31
Mar,Thursday,Victoria,12H,62,16,46
Mar,Thursday,Victoria,13H,71,24,47
Mar,Thursday,Victoria,14H,91,32,59
Mar,Thursday,Victoria,15H,81,19,62
Mar,Thursday,Victoria,16H,71,20,51
Mar,Thursday,Victoria,17H,85,19,66
Mar,Thursday,Victoria,18H,81,22,59
Mar,Thursday,Victoria,19H,76,17,59
Mar,Thursday,Victoria,20H,82,16,66
Mar,Thursday,Victoria,21H,96,37,59
Mar,Thursday,Victoria,22H,89,28,61
Mar,Friday,Vancouver,6H,34,11,23
Mar,Friday,Vancouver,7H,34,7,27
Mar,Friday,Vancouver,8H,17,4,13
Mar,Friday,Vancouver,9H,33,10,23
Mar,Friday,Vancouver,10H,35,9,26
Mar,Friday,Vancouver,11H,22,9,13
Mar,Friday,Vancouver,12H,27,10,17
Mar,Friday,Vancouver,13H,76,21,55
Mar,Friday,Vancouver,14H,88,31,57
Mar,Friday,Vancouver,15H,78,19,59
Mar,Friday,Vancouver,16H,80,23,57
Mar,Friday,Vancouver,17H,106,24,82
Mar,Friday,Vancouver,18H,74,26,48
Mar,Friday,Vancouver,19H,71,32,39
Mar,Friday,Vancouver,20H,70,18,52
Mar,Friday,Vancouver,21H,83,39,44
Mar,Friday,Vancouver,22H,71,21,50
Mar,Friday,Victoria,6H,39,10,29
Mar,Friday,Victoria,7H,22,5,17
Mar,Friday,Victoria,8H,40,8,32
Mar,Friday,Victoria,9H,39,16,23
Mar,Friday,Victoria,10H,40,16,24
Mar,Friday,Victoria,11H,42,17,25
Mar,Friday,Victoria,12H,33,9,24
Mar,Friday,Victoria,13H,87,35,52
Mar,Friday,Victoria,14H,90,37,53
Mar,Friday,Victoria,15H,90,20,70
Mar,Friday,Victoria,16H,74,21,53
Mar,Friday,Victoria,17H,85,31,54
Mar,Friday,Victoria,18H,77,17,60
Mar,Friday,Victoria,19H,65,22,43
Mar,Friday,Victoria,20H,88,27,61
Mar,Friday,Victoria,21H,89,21,68
Mar,Friday,Victoria,22H,90,20,70
Mar,Saturday,Vancouver,6H,37,11,26
Mar,Saturday,Vancouver,7H,51,15,36
Mar,Saturday,Vancouver,8H,45,10,35
Mar,Saturday,Vancouver,9H,36,9,27
Mar,Saturday,Vancouver,10H,21,9,12
Mar,Saturday,Vancouver,11H,34,8,26
Mar,Saturday,Vancouver,12H,34,10,24
Mar,Saturday,Vancouver,13H,101,27,74
Mar,Saturday,Vancouver,14H,90,30,60
Mar,Saturday,Vancouver,15H,91,28,63
Mar,Saturday,Vancouver,16H,83,19,64
Mar,Saturday,Vancouver,17H,105,24,81
Mar,Saturday,Vancouver,18H,89,28,61
Mar,Saturday,Vancouver,19H,90,34,56
Mar,Saturday,Vancouver,20H,73,21,52
Mar,Saturday,Vancouver,21H,89,37,52
Mar,Saturday,Vancouver,22H,86,31,55
Mar,Saturday,Victoria,6H,23,8,15
Mar,Saturday,Victoria,7H,38,10,28
Mar,Saturday,Victoria,8H,46,20,26
Mar,Saturday,Victoria,9H,47,23,24
Mar,Saturday,Victoria,10H,39,10,29
Mar,Saturday,Victoria,11H,36,8,28
Mar,Saturday,Victoria,12H,38,13,25
Mar,Saturday,Victoria,13H,80,16,64
Mar,Saturday,Victoria,14H,103,28,75
Mar,Saturday,Victoria,15H,83,38,45
Mar,Saturday,Victoria,16H,64,16,48
Mar,Saturday,Victoria,17H,95,22,73
Mar,Saturday,Victoria,18H,75,22,53
Mar,Saturday,Victoria,19H,74,30,44
Mar,Saturday,Victoria,20H,97,30,67
Mar,Saturday,Victoria,21H,78,22,56
Mar,Saturday,Victoria,22H,79,31,48
Apr,Sunday,Vancouver,6H,38,8,30
Apr,Sunday,Vancouver,7H,36,14,22
Apr,Sunday,Vancouver,8H,51,11,40
Apr,Sunday,Vancouver,9H,38,12,26
Apr,Sunday,Vancouver,10H,40,18,22
Apr,Sunday,Vancouver,11H,43,16,27
Apr,Sunday,Vancouver,12H,55,12,43
Apr,Sunday,Vancouver,13H,91,36,55
Apr,Sunday,Vancouver,14H,91,18,73
Apr,Sunday,Vancouver,15H,81,20,61
Apr,Sunday,Vancouver,16H,86,17,69
Apr,Sunday,Vancouver,17H,93,30,63
Apr,Sunday,Vancouver,18H,69,24,45
Apr,Sunday,Vancouver,19H,81,39,42
Apr,Sunday,Vancouver,20H,68,19,49
Apr,Sunday,Vancouver,21H,85,18,67
Apr,Sunday,Vancouver,22H,92,21,71
Apr,Sunday,Victoria,6H,44,13,31
Apr,Sunday,Victoria,7H,43,17,26
Apr,Sunday,Victoria,8H,29,8,21
Apr,Sunday,Victoria,9H,41,16,25
Apr,Sunday,Victoria,10H,42,15,27
Apr,Sunday,Victoria,11H,40,10,30
Apr,Sunday,Victoria,12H,30,13,17
Apr,Sunday,Victoria,13H,78,22,56
Apr,Sunday,Victoria,14H,77,30,47
Apr,Sunday,Victoria,15H,97,21,76
Apr,Sunday,Victoria,16H,70,16,54
Apr,Sunday,Victoria,17H,80,34,46
Apr,Sunday,Victoria,18H,99,22,77
Apr,Sunday,Victoria,19H,89,38,51
Apr,Sunday,Victoria,20H,103,36,67
Apr,Sunday,Victoria,21H,86,24,62
Apr,Sunday,Victoria,22H,81,19,62
Apr,Monday,Vancouver,6H,47,14,33
Apr,Monday,Vancouver,7H,25,8,17
Apr,Monday,Vancouver,8H,44,14,30
Apr,Monday,Vancouver,9H,27,10,17
Apr,Monday,Vancouver,10H,47,13,34
Apr,Monday,Vancouver,11H,45,12,33
Apr,Monday,Vancouver,12H,50,14,36
Apr,Monday,Vancouver,13H,83,31,52
Apr,Monday,Vancouver,14H,94,25,69
Apr,Monday,Vancouver,15H,76,18,58
Apr,Monday,Vancouver,16H,80,19,61
Apr,Monday,Vancouver,17H,89,37,52
Apr,Monday,Vancouver,18H,79,34,45
Apr,Monday,Vancouver,19H,66,16,50
Apr,Monday,Vancouver,20H,96,21,75
Apr,Monday,Vancouver,21H,103,24,79
Apr,Monday,Vancouver,22H,87,21,66
Apr,Monday,Victoria,6H,41,10,31
Apr,Monday,Victoria,7H,45,11,34
Apr,Monday,Victoria,8H,27,6,21
Apr,Monday,Victoria,9H,38,9,29
Apr,Monday,Victoria,10H,32,7,25
Apr,Monday,Victoria,11H,26,5,21
Apr,Monday,Victoria,12H,29,12,17
Apr,Monday,Victoria,13H,89,34,55
Apr,Monday,Victoria,14H,86,38,48
Apr,Monday,Victoria,15H,76,31,45
Apr,Monday,Victoria,16H,94,21,73
Apr,Monday,Victoria,17H,93,38,55
Apr,Monday,Victoria,18H,84,27,57
Apr,Monday,Victoria,19H,79,29,50
Apr,Monday,Victoria,20H,99,21,78
Apr,Monday,Victoria,21H,81,23,58
Apr,Monday,Victoria,22H,88,18,70
Apr,Tuesday,Vancouver,6H,48,15,33
Apr,Tuesday,Vancouver,7H,43,18,25
Apr,Tuesday,Vancouver,8H,36,8,28
Apr,Tuesday,Vancouver,9H,57,15,42
Apr,Tuesday,Vancouver,10H,36,10,26
Apr,Tuesday,Vancouver,11H,43,11,32
Apr,Tuesday,Vancouver,12H,41,20,21
Apr,Tuesday,Vancouver,13H,84,26,58
Apr,Tuesday,Vancouver,14H,94,42,52
Apr,Tuesday,Vancouver,15H,80,21,59
Apr,Tuesday,Vancouver,16H,83,24,59
Apr,Tuesday,Vancouver,17H,86,26,60
Apr,Tuesday,Vancouver,18H,87,32,55
Apr,Tuesday,Vancouver,19H,77,20,57
Apr,Tuesday,Vancouver,20H,74,35,39
Apr,Tuesday,Vancouver,21H,89,39,50
Apr,Tuesday,Vancouver,22H,97,40,57
Apr,Tuesday,Victoria,6H,19,9,10
Apr,Tuesday,Victoria,7H,46,10,36
Apr,Tuesday,Victoria,8H,36,16,20
Apr,Tuesday,Victoria,9H,41,9,32
Apr,Tuesday,Victoria,10H,44,18,26
Apr,Tuesday,Victoria,11H,22,7,15
Apr,Tuesday,Victoria,12H,41,9,32
Apr,Tuesday,Victoria,13H,92,25,67
Apr,Tuesday,Victoria,14H,98,35,63
Apr,Tuesday,Victoria,15H,89,34,55
Apr,Tuesday,Victoria,16H,88,22,66
Apr,Tuesday,Victoria,17H,88,22,66
Apr,Tuesday,Victoria,18H,89,19,70
Apr,Tuesday,Victoria,19H,81,34,47
Apr,Tuesday,Victoria,20H,76,29,47
Apr,Tuesday,Victoria,21H,75,17,58
Apr,Tuesday,Victoria,22H,103,23,80
Apr,Wednesday,Vancouver,6H,47,16,31
Apr,Wednesday,Vancouver,7H,50,18,32
Apr,Wednesday,Vancouver,8H,42,9,33
Apr,Wednesday,Vancouver,9H,36,8,28
Apr,Wednesday,Vancouver,10H,35,10,25
Apr,Wednesday,Vancouver,11H,20,9,11
Apr,Wednesday,Vancouver,12H,35,12,23
Apr,Wednesday,Vancouver,13H,93,25,68
Apr,Wednesday,Vancouver,14H,80,26,54
Apr,Wednesday,Vancouver,15H,79,17,62
Apr,Wednesday,Vancouver,16H,76,31,45
Apr,Wednesday,Vancouver,17H,89,42,47
Apr,Wednesday,Vancouver,18H,110,33,77
Apr,Wednesday,Vancouver,19H,82,18,64
Apr,Wednesday,Vancouver,20H,92,30,62
Apr,Wednesday,Vancouver,21H,61,17,44
Apr,Wednesday,Vancouver,22H,107,41,66
Apr,Wednesday,Victoria,6H,26,8,18
Apr,Wednesday,Victoria,7H,37,16,21
Apr,Wednesday,Victoria,8H,52,13,39
Apr,Wednesday,Victoria,9H,38,11,27
Apr,Wednesday,Victoria,10H,50,12,38
Apr,Wednesday,Victoria,11H,41,16,25
Apr,Wednesday,Victoria,12H,37,8,29
Apr,Wednesday,Victoria,13H,83,26,57
Apr,Wednesday,Victoria,14H,97,31,66
Apr,Wednesday,Victoria,15H,79,19,60
Apr,Wednesday,Victoria,16H,92,43,49
Apr,Wednesday,Victoria,17H,102,28,74
Apr,Wednesday,Victoria,18H,78,31,47
Apr,Wednesday,Victoria,19H,80,23,57
Apr,Wednesday,Victoria,20H,88,42,46
Apr,Wednesday,Victoria,21H,83,21,62
Apr,Wednesday,Victoria,22H,94,39,55
Apr,Thursday,Vancouver,6H,37,8,29
Apr,Thursday,Vancouver,7H,58,12,46
Apr,Thursday,Vancouver,8H,37,11,26
Apr,Thursday,Vancouver,9H,29,7,22
Apr,Thursday,Vancouver,10H,47,17,30
Apr,Thursday,Vancouver,11H,55,18,37
Apr,Thursday,Vancouver,12H,52,11,41
Apr,Thursday,Vancouver,13H,76,21,55
Apr,Thursday,Vancouver,14H,87,28,59
Apr,Thursday,Vancouver,15H,93,23,70
Apr,Thursday,Vancouver,16H,92,41,51
Apr,Thursday,Vancouver,17H,67,25,42
Apr,Thursday,Vancouver,18H,78,22,56
Apr,Thursday,Vancouver,19H,100,39,61
Apr,Thursday,Vancouver,20H,97,37,60
Apr,Thursday,Vancouver,21H,71,28,43
Apr,Thursday,Vancouver,22H,71,14,57
Apr,Thursday,Victoria,6H,49,16,33
Apr,Thursday,Victoria,7H,51,16,35
Apr,Thursday,Victoria,8H,42,11,31
Apr,Thursday,Victoria,9H,38,11,27
Apr,Thursday,Victoria,10H,34,14,20
Apr,Thursday,Victoria,11H,43,13,30
Apr,Thursday,Victoria,12H,41,12,29
Apr,Thursday,Victoria,13H,84,20,64
Apr,Thursday,Victoria,14H,82,27,55
Apr,Thursday,Victoria,15H,85,26,59
Apr,Thursday,Victoria,16H,99,24,75
Apr,Thursday,Victoria,17H,83,25,58
Apr,Thursday,Victoria,18H,83,37,46
Apr,Thursday,Victoria,19H,84,31,53
Apr,Thursday,Victoria,20H,84,33,51
Apr,Thursday,Victoria,21H,80,25,55
Apr,Thursday,Victoria,22H,77,18,59
Apr,Friday,Vancouver,6H,30,6,24
Apr,Friday,Vancouver,7H,35,7,28
Apr,Friday,Vancouver,8H,25,8,17
Apr,Friday,Vancouver,9H,39,14,25
Apr,Friday,Vancouver,10H,38,8,30
Apr,Friday,Vancouver,11H,33,9,24
Apr,Friday,Vancouver,12H,47,10,37
Apr,Friday,Vancouver,13H,85,39,46
Apr,Friday,Vancouver,14H,92,20,72
Apr,Friday,Vancouver,15H,76,26,50
Apr,Friday,Vancouver,16H,90,28,62
Apr,Friday,Vancouver,17H,84,17,67
Apr,Friday,Vancouver,18H,99,36,63
Apr,Friday,Vancouver,19H,74,18,56
Apr,Friday,Vancouver,20H,80,17,63
Apr,Friday,Vancouver,21H,72,21,51
Apr,Friday,Vancouver,22H,77,28,49
Apr,Friday,Victoria,6H,39,8,31
Apr,Friday,Victoria,7H,32,12,20
Apr,Friday,Victoria,8H,60,14,46
Apr,Friday,Victoria,9H,54,25,29
Apr,Friday,Victoria,10H,37,15,22
Apr,Friday,Victoria,11H,41,16,25
Apr,Friday,Victoria,12H,41,12,29
Apr,Friday,Victoria,13H,81,29,52
Apr,Friday,Victoria,14H,78,25,53
Apr,Friday,Victoria,15H,79,17,62
Apr,Friday,Victoria,16H,92,23,69
Apr,Friday,Victoria,17H,85,19,66
Apr,Friday,Victoria,18H,91,34,57
Apr,Friday,Victoria,19H,111,49,62
Apr,Friday,Victoria,20H,90,31,59
Apr,Friday,Victoria,21H,85,19,66
Apr,Friday,Victoria,22H,82,32,50
Apr,Saturday,Vancouver,6H,24,11,13
Apr,Saturday,Vancouver,7H,36,8,28
Apr,Saturday,Vancouver,8H,39,14,25
Apr,Saturday,Vancouver,9H,39,9,30
Apr,Saturday,Vancouver,10H,32,12,20
Apr,Saturday,Vancouver,11H,27,8,19
Apr,Saturday,Vancouver,12H,25,8,17
Apr,Saturday,Vancouver,13H,99,27,72
Apr,Saturday,Vancouver,14H,84,34,50
Apr,Saturday,Vancouver,15H,91,39,52
Apr,Saturday,Vancouver,16H,103,46,57
Apr,Saturday,Vancouver,17H,91,26,65
Apr,Saturday,Vancouver,18H,80,31,49
Apr,Saturday,Vancouver,19H,89,22,67
Apr,Saturday,Vancouver,20H,82,17,65
Apr,Saturday,Vancouver,21H,75,15,60
Apr,Saturday,Vancouver,22H,89,22,67
Apr,Saturday,Victoria,6H,37,8,29
Apr,Saturday,Victoria,7H,38,10,28
Apr,Saturday,Victoria,8H,44,16,28
Apr,Saturday,Victoria,9H,31,7,24
Apr,Saturday,Victoria,10H,50,23,27
Apr,Saturday,Victoria,11H,26,11,15
Apr,Saturday,Victoria,12H,14,3,11
Apr,Saturday,Victoria,13H,77,27,50
Apr,Saturday,Victoria,14H,80,22,58
Apr,Saturday,Victoria,15H,88,18,70
Apr,Saturday,Victoria,16H,89,34,55
Apr,Saturday,Victoria,17H,74,33,41
Apr,Saturday,Victoria,18H,91,35,56
Apr,Saturday,Victoria,19H,83,23,60
Apr,Saturday,Victoria,20H,86,18,68
Apr,Saturday,Victoria,21H,62,18,44
Apr,Saturday,Victoria,22H,102,27,75
May,Sunday,Vancouver,6H,31,7,24
May,Sunday,Vancouver,7H,33,15,18
May,Sunday,Vancouver,8H,34,14,20
May,Sunday,Vancouver,9H,50,13,37
May,Sunday,Vancouver,10H,38,11,27
May,Sunday,Vancouver,11H,32,9,23
May,Sunday,Vancouver,12H,23,6,17
May,Sunday,Vancouver,13H,90,44,46
May,Sunday,Vancouver,14H,107,26,81
May,Sunday,Vancouver,15H,103,33,70
May,Sunday,Vancouver,16H,82,18,64
May,Sunday,Vancouver,17H,90,22,68
May,Sunday,Vancouver,18H,84,33,51
May,Sunday,Vancouver,19H,83,35,48
May,Sunday,Vancouver,20H,97,42,55
May,Sunday,Vancouver,21H,81,31,50
May,Sunday,Vancouver,22H,79,27,52
May,Sunday,Victoria,6H,49,12,37
May,Sunday,Victoria,7H,62,17,45
May,Sunday,Victoria,8H,54,26,28
May,Sunday,Victoria,9H,57,16,41
May,Sunday,Victoria,10H,37,8,29
May,Sunday,Victoria,11H,48,12,36
May,Sunday,Victoria,12H,18,5,13
May,Sunday,Victoria,13H,83,18,65
May,Sunday,Victoria,14H,77,27,50
May,Sunday,Victoria,15H,79,36,43
May,Sunday,Victoria,16H,82,26,56
May,Sunday,Victoria,17H,77,21,56
May,Sunday,Victoria,18H,70,27,43
May,Sunday,Victoria,19H,80,36,44
May,Sunday,Victoria,20H,77,31,46
May,Sunday,Victoria,21H,95,39,56
May,Sunday,Victoria,22H,75,16,59
May,Monday,Vancouver,6H,44,15,29
May,Monday,Vancouver,7H,36,8,28
May,Monday,Vancouver,8H,49,16,33
May,Monday,Vancouver,9H,37,12,25
May,Monday,Vancouver,10H,30,14,16
May,Monday,Vancouver,11H,21,5,16
May,Monday,Vancouver,12H,47,11,36
May,Monday,Vancouver,13H,85,22,63
May,Monday,Vancouver,14H,88,41,47
May,Monday,Vancouver,15H,84,17,67
May,Monday,Vancouver,16H,91,23,68
May,Monday,Vancouver,17H,83,18,65
May,Monday,Vancouver,18H,85,29,56
May,Monday,Vancouver,19H,86,22,64
May,Monday,Vancouver,20H,91,25,66
May,Monday,Vancouver,21H,93,33,60
May,Monday,Vancouver,22H,73,28,45
May,Monday,Victoria,6H,50,25,25
May,Monday,Victoria,7H,45,11,34
May,Monday,Victoria,8H,41,10,31
May,Monday,Victoria,9H,43,14,29
May,Monday,Victoria,10H,46,15,31
May,Monday,Victoria,11H,43,14,29
May,Monday,Victoria,12H,51,15,36
May,Monday,Victoria,13H,91,28,63
May,Monday,Victoria,14H,77,18,59
May,Monday,Victoria,15H,77,17,60
May,Monday,Victoria,16H,84,41,43
May,Monday,Victoria,17H,89,23,66
May,Monday,Victoria,18H,77,17,60
May,Monday,Victoria,19H,91,19,72
May,Monday,Victoria,20H,81,18,63
May,Monday,Victoria,21H,89,24,65
May,Monday,Victoria,22H,64,15,49
May,Tuesday,Vancouver,6H,40,11,29
May,Tuesday,Vancouver,7H,39,9,30
May,Tuesday,Vancouver,8H,38,16,22
May,Tuesday,Vancouver,9H,39,10,29
May,Tuesday,Vancouver,10H,36,8,28
May,Tuesday,Vancouver,11H,47,11,36
May,Tuesday,Vancouver,12H,46,17,29
May,Tuesday,Vancouver,13H,76,26,50
May,Tuesday,Vancouver,14H,85,39,46
May,Tuesday,Vancouver,15H,98,25,73
May,Tuesday,Vancouver,16H,76,35,41
May,Tuesday,Vancouver,17H,97,29,68
May,Tuesday,Vancouver,18H,91,35,56
May,Tuesday,Vancouver,19H,91,39,52
May,Tuesday,Vancouver,20H,78,25,53
May,Tuesday,Vancouver,21H,83,29,54
May,Tuesday,Vancouver,22H,88,20,68
May,Tuesday,Victoria,6H,59,17,42
May,Tuesday,Victoria,7H,51,12,39
May,Tuesday,Victoria,8H,24,5,19
May,Tuesday,Victoria,9H,41,11,30
May,Tuesday,Victoria,10H,20,6,14
May,Tuesday,Victoria,11H,42,20,22
May,Tuesday,Victoria,12H,31,10,21
May,Tuesday,Victoria,13H,81,20,61
May,Tuesday,Victoria,14H,100,24,76
May,Tuesday,Victoria,15H,82,30,52
May,Tuesday,Victoria,16H,80,16,64
May,Tuesday,Victoria,17H,76,22,54
May,Tuesday,Victoria,18H,74,25,49
May,Tuesday,Victoria,19H,75,20,55
May,Tuesday,Victoria,20H,74,17,57
May,Tuesday,Victoria,21H,89,18,71
May,Tuesday,Victoria,22H,76,16,60
May,Wednesday,Vancouver,6H,26,6,20
May,Wednesday,Vancouver,7H,53,15,38
May,Wednesday,Vancouver,8H,61,22,39
May,Wednesday,Vancouver,9H,37,9,28
May,Wednesday,Vancouver,10H,38,8,30
May,Wednesday,Vancouver,11H,27,6,21
May,Wednesday,Vancouver,12H,38,13,25
May,Wednesday,Vancouver,13H,84,21,63
May,Wednesday,Vancouver,14H,93,40,53
May,Wednesday,Vancouver,15H,81,24,57
May,Wednesday,Vancouver,16H,107,23,84
May,Wednesday,Vancouver,17H,84,32,52
May,Wednesday,Vancouver,18H,82,23,59
May,Wednesday,Vancouver,19H,85,19,66
May,Wednesday,Vancouver,20H,103,23,80
May,Wednesday,Vancouver,21H,82,32,50
May,Wednesday,Vancouver,22H,85,17,68
May,Wednesday,Victoria,6H,35,9,26
May,Wednesday,Victoria,7H,54,13,41
May,Wednesday,Victoria,8H,45,11,34
May,Wednesday,Victoria,9H,52,16,36
May,Wednesday,Victoria,10H,56,16,40
May,Wednesday,Victoria,11H,36,14,22
May,Wednesday,Victoria,12H,40,8,32
May,Wednesday,Victoria,13H,84,34,50
May,Wednesday,Victoria,14H,79,21,58
May,Wednesday,Victoria,15H,101,30,71
May,Wednesday,Victoria,16H,97,35,62
May,Wednesday,Victoria,17H,79,17,62
May,Wednesday,Victoria,18H,105,40,65
May,Wednesday,Victoria,19H,82,21,61
May,Wednesday,Victoria,20H,91,22,69
May,Wednesday,Victoria,21H,76,16,60
May,Wednesday,Victoria,22H,90,23,67
May,Thursday,Vancouver,6H,47,17,30
May,Thursday,Vancouver,7H,29,13,16
May,Thursday,Vancouver,8H,24,10,14
May,Thursday,Vancouver,9H,35,9,26
May,Thursday,Vancouver,10H,34,7,27
May,Thursday,Vancouver,11H,51,15,36
May,Thursday,Vancouver,12H,32,15,17
May,Thursday,Vancouver,13H,78,22,56
May,Thursday,Vancouver,14H,104,36,68
May,Thursday,Vancouver,15H,74,36,38
May,Thursday,Vancouver,16H,87,19,68
May,Thursday,Vancouver,17H,81,19,62
May,Thursday,Vancouver,18H,64,15,49
May,Thursday,Vancouver,19H,72,21,51
May,Thursday,Vancouver,20H,100,34,66
May,Thursday,Vancouver,21H,71,16,55
May,Thursday,Vancouver,22H,89,24,65
May,Thursday,Victoria,6H,36,8,28
May,Thursday,Victoria,7H,37,10,27
May,Thursday,Victoria,8H,66,18,48
May,Thursday,Victoria,9H,42,9,33
May,Thursday,Victoria,10H,44,10,34
May,Thursday,Victoria,11H,43,17,26
May,Thursday,Victoria,12H,35,9,26
May,Thursday,Victoria,13H,69,18,51
May,Thursday,Victoria,14H,81,22,59
May,Thursday,Victoria,15H,77,22,55
May,Thursday,Victoria,16H,84,27,57
May,Thursday,Victoria,17H,75,21,54
May,Thursday,Victoria,18H,82,34,48
May,Thursday,Victoria,19H,77,35,42
May,Thursday,Victoria,20H,90,21,69
May,Thursday,Victoria,21H,93,38,55
May,Thursday,Victoria,22H,71,24,47
May,Friday,Vancouver,6H,36,9,27
May,Friday,Vancouver,7H,34,9,25
May,Friday,Vancouver,8H,44,19,25
May,Friday,Vancouver,9H,31,11,20
May,Friday,Vancouver,10H,49,12,37
May,Friday,Vancouver,11H,47,12,35
May,Friday,Vancouver,12H,35,10,25
May,Friday,Vancouver,13H,75,34,41
May,Friday,Vancouver,14H,64,18,46
May,Friday,Vancouver,15H,108,49,59
May,Friday,Vancouver,16H,88,20,68
May,Friday,Vancouver,17H,86,38,48
May,Friday,Vancouver,18H,94,45,49
May,Friday,Vancouver,19H,81,17,64
May,Friday,Vancouver,20H,86,42,44
May,Friday,Vancouver,21H,85,20,65
May,Friday,Vancouver,22H,91,39,52
May,Friday,Victoria,6H,55,22,33
May,Friday,Victoria,7H,48,11,37
May,Friday,Victoria,8H,29,7,22
May,Friday,Victoria,9H,25,9,16
May,Friday,Victoria,10H,43,9,34
May,Friday,Victoria,11H,40,10,30
May,Friday,Victoria,12H,32,13,19
May,Friday,Victoria,13H,80,20,60
May,Friday,Victoria,14H,72,29,43
May,Friday,Victoria,15H,83,27,56
May,Friday,Victoria,16H,91,20,71
May,Friday,Victoria,17H,99,22,77
May,Friday,Victoria,18H,79,18,61
May,Friday,Victoria,19H,104,51,53
May,Friday,Victoria,20H,83,19,64
May,Friday,Victoria,21H,89,22,67
May,Friday,Victoria,22H,95,22,73
May,Saturday,Vancouver,6H,24,7,17
May,Saturday,Vancouver,7H,20,5,15
May,Saturday,Vancouver,8H,52,24,28
May,Saturday,Vancouver,9H,42,14,28
May,Saturday,Vancouver,10H,53,20,33
May,Saturday,Vancouver,11H,30,6,24
May,Saturday,Vancouver,12H,40,20,20
May,Saturday,Vancouver,13H,73,35,38
May,Saturday,Vancouver,14H,83,19,64
May,Saturday,Vancouver,15H,68,16,52
May,Saturday,Vancouver,16H,94,20,74
May,Saturday,Vancouver,17H,86,28,58
May,Saturday,Vancouver,18H,67,22,45
May,Saturday,Vancouver,19H,100,48,52
May,Saturday,Vancouver,20H,93,23,70
May,Saturday,Vancouver,21H,106,37,69
May,Saturday,Vancouver,22H,81,20,61
May,Saturday,Victoria,6H,27,6,21
May,Saturday,Victoria,7H,47,15,32
May,Saturday,Victoria,8H,34,8,26
May,Saturday,Victoria,9H,21,5,16
May,Saturday,Victoria,10H,51,11,40
May,Saturday,Victoria,11H,34,11,23
May,Saturday,Victoria,12H,43,16,27
May,Saturday,Victoria,13H,77,33,44
May,Saturday,Victoria,14H,103,22,81
May,Saturday,Victoria,15H,91,29,62
May,Saturday,Victoria,16H,83,24,59
May,Saturday,Victoria,17H,82,33,49
May,Saturday,Victoria,18H,66,28,38
May,Saturday,Victoria,19H,99,33,66
May,Saturday,Victoria,20H,92,35,57
May,Saturday,Victoria,21H,71,25,46
May,Saturday,Victoria,22H,96,41,55
Jun,Sunday,Vancouver,6H,54,22,32
Jun,Sunday,Vancouver,7H,44,17,27
Jun,Sunday,Vancouver,8H,38,17,21
Jun,Sunday,Vancouver,9H,26,5,21
Jun,Sunday,Vancouver,10H,48,23,25
Jun,Sunday,Vancouver,11H,43,17,26
Jun,Sunday,Vancouver,12H,47,21,26
Jun,Sunday,Vancouver,13H,89,39,50
Jun,Sunday,Vancouver,14H,76,24,52
Jun,Sunday,Vancouver,15H,72,15,57
Jun,Sunday,Vancouver,16H,88,28,60
Jun,Sunday,Vancouver,17H,89,27,62
Jun,Sunday,Vancouver,18H,88,43,45
Jun,Sunday,Vancouver,19H,75,15,60
Jun,Sunday,Vancouver,20H,85,17,68
Jun,Sunday,Vancouver,21H,86,22,64
Jun,Sunday,Vancouver,22H,91,22,69
Jun,Sunday,Victoria,6H,45,17,28
Jun,Sunday,Victoria,7H,34,7,27
Jun,Sunday,Victoria,8H,39,13,26
Jun,Sunday,Victoria,9H,25,8,17
Jun,Sunday,Victoria,10H,38,18,20
Jun,Sunday,Victoria,11H,44,11,33
Jun,Sunday,Victoria,12H,34,11,23
Jun,Sunday,Victoria,13H,88,31,57
Jun,Sunday,Victoria,14H,102,37,65
Jun,Sunday,Victoria,15H,88,26,62
Jun,Sunday,Victoria,16H,79,29,50
Jun,Sunday,Victoria,17H,92,33,59
Jun,Sunday,Victoria,18H,84,23,61
Jun,Sunday,Victoria,19H,98,31,67
Jun,Sunday,Victoria,20H,83,23,60
Jun,Sunday,Victoria,21H,67,20,47
Jun,Sunday,Victoria,22H,86,20,66
Jun,Monday,Vancouver,6H,46,17,29
Jun,Monday,Vancouver,7H,78,24,54
Jun,Monday,Vancouver,8H,21,7,14
Jun,Monday,Vancouver,9H,53,22,31
Jun,Monday,Vancouver,10H,28,6,22
Jun,Monday,Vancouver,11H,30,8,22
Jun,Monday,Vancouver,12H,52,21,31
Jun,Monday,Vancouver,13H,86,17,69
Jun,Monday,Vancouver,14H,95,22,73
Jun,Monday,Vancouver,15H,100,20,80
Jun,Monday,Vancouver,16H,78,18,60
Jun,Monday,Vancouver,17H,81,17,64
Jun,Monday,Vancouver,18H,105,28,77
Jun,Monday,Vancouver,19H,94,37,57
Jun,Monday,Vancouver,20H,92,29,63
Jun,Monday,Vancouver,21H,78,24,54
Jun,Monday,Vancouver,22H,107,22,85
Jun,Monday,Victoria,6H,37,14,23
Jun,Monday,Victoria,7H,66,20,46
Jun,Monday,Victoria,8H,32,13,19
Jun,Monday,Victoria,9H,35,7,28
Jun,Monday,Victoria,10H,21,8,13
Jun,Monday,Victoria,11H,41,9,32
Jun,Monday,Victoria,12H,19,7,12
Jun,Monday,Victoria,13H,76,20,56
Jun,Monday,Victoria,14H,79,35,44
Jun,Monday,Victoria,15H,78,23,55
Jun,Monday,Victoria,16H,73,23,50
Jun,Monday,Victoria,17H,91,20,71
Jun,Monday,Victoria,18H,95,42,53
Jun,Monday,Victoria,19H,111,29,82
Jun,Monday,Victoria,20H,93,37,56
Jun,Monday,Victoria,21H,90,18,72
Jun,Monday,Victoria,22H,78,28,50
Jun,Tuesday,Vancouver,6H,41,12,29
Jun,Tuesday,Vancouver,7H,37,14,23
Jun,Tuesday,Vancouver,8H,29,9,20
Jun,Tuesday,Vancouver,9H,44,9,35
Jun,Tuesday,Vancouver,10H,43,9,34
Jun,Tuesday,Vancouver,11H,34,9,25
Jun,Tuesday,Vancouver,12H,37,13,24
Jun,Tuesday,Vancouver,13H,64,15,49
Jun,Tuesday,Vancouver,14H,92,26,66
Jun,Tuesday,Vancouver,15H,80,20,60
Jun,Tuesday,Vancouver,16H,93,24,69
Jun,Tuesday,Vancouver,17H,100,26,74
Jun,Tuesday,Vancouver,18H,75,23,52
Jun,Tuesday,Vancouver,19H,96,20,76
Jun,Tuesday,Vancouver,20H,77,17,60
Jun,Tuesday,Vancouver,21H,78,23,55
Jun,Tuesday,Vancouver,22H,82,27,55
Jun,Tuesday,Victoria,6H,48,10,38
Jun,Tuesday,Victoria,7H,50,15,35
Jun,Tuesday,Victoria,8H,45,14,31
Jun,Tuesday,Victoria,9H,51,12,39
Jun,Tuesday,Victoria,10H,42,11,31
Jun,Tuesday,Victoria,11H,52,14,38
Jun,Tuesday,Victoria,12H,32,9,23
Jun,Tuesday,Victoria,13H,70,21,49
Jun,Tuesday,Victoria,14H,56,12,44
Jun,Tuesday,Victoria,15H,99,28,71
Jun,Tuesday,Victoria,16H,76,34,42
Jun,Tuesday,Victoria,17H,66,15,51
Jun,Tuesday,Victoria,18H,71,20,51
Jun,Tuesday,Victoria,19H,90,43,47
Jun,Tuesday,Victoria,20H,82,25,57
Jun,Tuesday,Victoria,21H,88,20,68
Jun,Tuesday,Victoria,22H,84,31,53
Jun,Wednesday,Vancouver,6H,42,14,28
Jun,Wednesday,Vancouver,7H,38,10,28
Jun,Wednesday,Vancouver,8H,39,9,30
Jun,Wednesday,Vancouver,9H,31,11,20
Jun,Wednesday,Vancouver,10H,40,8,32
Jun,Wednesday,Vancouver,11H,46,11,35
Jun,Wednesday,Vancouver,12H,39,12,27
Jun,Wednesday,Vancouver,13H,90,25,65
Jun,Wednesday,Vancouver,14H,74,23,51
Jun,Wednesday,Vancouver,15H,73,20,53
Jun,Wednesday,Vancouver,16H,71,15,56
Jun,Wednesday,Vancouver,17H,96,39,57
Jun,Wednesday,Vancouver,18H,74,20,54
Jun,Wednesday,Vancouver,19H,72,33,39
Jun,Wednesday,Vancouver,20H,98,35,63
Jun,Wednesday,Vancouver,21H,93,39,54
Jun,Wednesday,Vancouver,22H,84,37,47
Jun,Wednesday,Victoria,6H,39,19,20
Jun,Wednesday,Victoria,7H,43,14,29
Jun,Wednesday,Victoria,8H,22,7,15
Jun,Wednesday,Victoria,9H,51,17,34
Jun,Wednesday,Victoria,10H,49,13,36
Jun,Wednesday,Victoria,11H,46,13,33
Jun,Wednesday,Victoria,12H,34,9,25
Jun,Wednesday,Victoria,13H,81,35,46
Jun,Wednesday,Victoria,14H,75,21,54
Jun,Wednesday,Victoria,15H,75,21,54
Jun,Wednesday,Victoria,16H,96,41,55
Jun,Wednesday,Victoria,17H,71,20,51
Jun,Wednesday,Victoria,18H,85,26,59
Jun,Wednesday,Victoria,19H,100,44,56
Jun,Wednesday,Victoria,20H,77,20,57
Jun,Wednesday,Victoria,21H,82,21,61
Jun,Wednesday,Victoria,22H,87,31,56
Jun,Thursday,Vancouver,6H,39,8,31
Jun,Thursday,Vancouver,7H,51,11,40
Jun,Thursday,Vancouver,8H,42,10,32
Jun,Thursday,Vancouver,9H,35,11,24
Jun,Thursday,Vancouver,10H,40,17,23
Jun,Thursday,Vancouver,11H,32,8,24
Jun,Thursday,Vancouver,12H,45,10,35
Jun,Thursday,Vancouver,13H,64,20,44
Jun,Thursday,Vancouver,14H,81,17,64
Jun,Thursday,Vancouver,15H,82,18,64
Jun,Thursday,Vancouver,16H,90,25,65
Jun,Thursday,Vancouver,17H,88,38,50
Jun,Thursday,Vancouver,18H,95,24,71
Jun,Thursday,Vancouver,19H,84,24,60
Jun,Thursday,Vancouver,20H,89,23,66
Jun,Thursday,Vancouver,21H,82,39,43
Jun,Thursday,Vancouver,22H,77,29,48
Jun,Thursday,Victoria,6H,30,7,23
Jun,Thursday,Victoria,7H,47,16,31
Jun,Thursday,Victoria,8H,42,9,33
Jun,Thursday,Victoria,9H,42,18,24
Jun,Thursday,Victoria,10H,27,8,19
Jun,Thursday,Victoria,11H,25,10,15
Jun,Thursday,Victoria,12H,23,7,16
Jun,Thursday,Victoria,13H,88,34,54
Jun,Thursday,Victoria,14H,72,21,51
Jun,Thursday,Victoria,15H,76,21,55
Jun,Thursday,Victoria,16H,86,18,68
Jun,Thursday,Victoria,17H,84,17,67
Jun,Thursday,Victoria,18H,80,23,57
Jun,Thursday,Victoria,19H,87,18,69
Jun,Thursday,Victoria,20H,78,30,48
Jun,Thursday,Victoria,21H,88,22,66
Jun,Thursday,Victoria,22H,88,36,52
Jun,Friday,Vancouver,6H,37,8,29
Jun,Friday,Vancouver,7H,52,18,34
Jun,Friday,Vancouver,8H,67,16,51
Jun,Friday,Vancouver,9H,30,11,19
Jun,Friday,Vancouver,10H,28,7,21
Jun,Friday,Vancouver,11H,39,14,25
Jun,Friday,Vancouver,12H,38,17,21
Jun,Friday,Vancouver,13H,86,18,68
Jun,Friday,Vancouver,14H,95,29,66
Jun,Friday,Vancouver,15H,89,33,56
Jun,Friday,Vancouver,16H,79,25,54
Jun,Friday,Vancouver,17H,88,21,67
Jun,Friday,Vancouver,18H,80,21,59
Jun,Friday,Vancouver,19H,77,16,61
Jun,Friday,Vancouver,20H,93,33,60
Jun,Friday,Vancouver,21H,76,25,51
Jun,Friday,Vancouver,22H,77,29,48
Jun,Friday,Victoria,6H,47,17,30
Jun,Friday,Victoria,7H,34,10,24
Jun,Friday,Victoria,8H,43,10,33
Jun,Friday,Victoria,9H,54,15,39
Jun,Friday,Victoria,10H,31,12,19
Jun,Friday,Victoria,11H,43,13,30
Jun,Friday,Victoria,12H,35,15,20
Jun,Friday,Victoria,13H,87,35,52
Jun,Friday,Victoria,14H,91,31,60
Jun,Friday,Victoria,15H,95,45,50
Jun,Friday,Victoria,16H,86,25,61
Jun,Friday,Victoria,17H,87,24,63
Jun,Friday,Victoria,18H,72,29,43
Jun,Friday,Victoria,19H,73,36,37
Jun,Friday,Victoria,20H,89,21,68
Jun,Friday,Victoria,21H,92,23,69
Jun,Friday,Victoria,22H,78,36,42
Jun,Saturday,Vancouver,6H,45,11,34
Jun,Saturday,Vancouver,7H,26,5,21
Jun,Saturday,Vancouver,8H,10,2,8
Jun,Saturday,Vancouver,9H,26,8,18
Jun,Saturday,Vancouver,10H,37,8,29
Jun,Saturday,Vancouver,11H,57,19,38
Jun,Saturday,Vancouver,12H,41,12,29
Jun,Saturday,Vancouver,13H,92,23,69
Jun,Saturday,Vancouver,14H,69,14,55
Jun,Saturday,Vancouver,15H,95,36,59
Jun,Saturday,Vancouver,16H,79,22,57
Jun,Saturday,Vancouver,17H,80,19,61
Jun,Saturday,Vancouver,18H,96,37,59
Jun,Saturday,Vancouver,19H,81,18,63
Jun,Saturday,Vancouver,20H,78,19,59
Jun,Saturday,Vancouver,21H,97,25,72
Jun,Saturday,Vancouver,22H,90,19,71
Jun,Saturday,Victoria,6H,33,7,26
Jun,Saturday,Victoria,7H,23,5,18
Jun,Saturday,Victoria,8H,45,12,33
Jun,Saturday,Victoria,9H,66,17,49
Jun,Saturday,Victoria,10H,43,9,34
Jun,Saturday,Victoria,11H,36,9,27
Jun,Saturday,Victoria,12H,33,13,20
Jun,Saturday,Victoria,13H,84,18,66
Jun,Saturday,Victoria,14H,97,20,77
Jun,Saturday,Victoria,15H,94,19,75
Jun,Saturday,Victoria,16H,78,18,60
Jun,Saturday,Victoria,17H,71,30,41
Jun,Saturday,Victoria,18H,80,37,43
Jun,Saturday,Victoria,19H,85,18,67
Jun,Saturday,Victoria,20H,71,18,53
Jun,Saturday,Victoria,21H,97,23,74
Jun,Saturday,Victoria,22H,107,27,80
